[
  {
    "id": "f64123ea-d56f-4bdb-aef5-1f83e7af1f61",
    "deadline": "2024-12-31",
    "description": "This is a test job description",
    "company": "Test Company",
    "jobLocation": "Test Location",
    "isStatus": "open",
    "jobType": "full-time",
    "title": "Test Job"
  },
  {
    "id": "b62b9ab9-dd82-4f8d-b8e5-00c00a2a65fe",
    "deadline": "2024-12-31",
    "description": "This is a test job description",
    "company": "Test Company",
    "jobLocation": "Test Location",
    "isStatus": "open",
    "jobType": "full-time",
    "title": "Test Job"
  },
  {
    "id": "d6e3a00b-b7c6-4548-a02c-6f7d5215216f",
    "deadline": "2024-12-31",
    "description": "This is a test job description",
    "company": "Company",
    "jobLocation": "Location",
    "isStatus": "open",
    "jobType": "full-time",
    "title": "Job"
  },
  {
    "id": "e3ff3576-e8cf-4285-a3e6-e6ee2a433eef",
    "deadline": "2024-11-13",
    "description": "dfyugefzefe bdff zef gufr",
    "company": "Nia's",
    "jobLocation": "Parakou",
    "isStatus": "open",
    "jobType": "freelance",
    "title": "Job1"
  },
  {
    "id": "8d71e1cc-889f-4b7d-9da9-48f21df2f28e",
    "deadline": "2024-12-01",
    "description": "fczedfzada  dzeda",
    "company": "Entreprise",
    "jobLocation": "Cotonou",
    "isStatus": "open",
    "jobType": "part-time",
    "title": "Job2"
  }
]