[
  {
    "id": "b099825d-ba0c-452a-b79b-b0b47b7f74b5",
    "name": "tomy",
    "email": "tomy@gmail.com",
    "localite": "Porto-Novo",
    "password": "000000"
  },
  {
    "id": "c48f0e47-eab5-4c8a-bd1d-cfc35c035407",
    "name": "ilan@gmail.com",
    "email": "ilano@gmail.com",
    "localite": "Cotonou",
    "password": "1111"
  },
  {
    "id": "556ac428-7278-4a8e-98c3-5610ad68075d",
    "name": "Dylan",
    "email": "dylan@gmail.com",
    "localite": "Cotonou",
    "password": "......"
  },
  {
    "id": "79a0bb21-880f-429e-9785-7db76588f10f",
    "name": "nia",
    "email": "nia@gmail.com",
    "localite": "Parakou",
    "password": "111111"
  }
]